{
  "version": 1,
  "author": "Anonymous maker",
  "editor": "wokwi",
  "parts": [
    {
      "type": "wokwi-pi-pico",
      "id": "pico",
      "top": 0,
      "left": 0,
      "attrs": { "env": "micropython-20220117-v1.18" }
    },
    {
      "type": "wokwi-ntc-temperature-sensor",
      "id": "ntc1",
      "top": 69.62,
      "left": 142.7,
      "rotate": 180,
      "attrs": {}
    }
  ],
  "connections": [
    [ "ntc1:OUT", "pico:GP26", "green", [ "h0" ] ],
    [ "ntc1:VCC", "pico:3V3", "red", [ "h0" ] ],
    [ "ntc1:GND", "pico:GND.6", "black", [ "h0" ] ]
  ]
}